gender,food_item
Male,beef burger
Male,cheese pizza
Male,chicken noodles
Female,mushroom submarine
Male,spicy chicken pizza
Male,mushroom pizza
Female,fried noodles
Male,grilled chicken submarine
Male,beef submarine
Male,mushroom submarine
Female,beef submarine
Male,seafood noodles
Male,spicy chicken submarine
Female,crispy chicken burger
Male,crispy chicken burger
Male,sausage pizza
Male,spicy chicken submarine
Male,spicy chicken submarine
Male,grilled chicken pizza
Female,spicy chicken burger
Male,spicy chicken pizza
Female,sausage pizza
Male,crispy chicken burger
Female,beef burger
Male,grilled chicken pizza
Male,cheese pizza
Male,chicken noodles
Female,beef burger
Female,seafood pizza
Male,spicy chicken burger
Male,fish submarine
Female,beef submarine
Female,beef burger
Male,grilled chicken submarine
Female,chilly chicken burger
Female,sausage pizza
Male,ham burger
Male,tandoori chicken pizza
Female,spicy chicken pizza
Male,spicy chicken submarine
Male,sausage pizza
Female,seafood noodles
Male,tandoori chicken pizza
Male,spicy chicken pizza
Female,grilled chicken submarine
Male,ham burger
Male,fish submarine
Male,grilled chicken submarine
Female,cheese pizza
Male,sausage pizza
Female,beef submarine
Male,seafood noodles
Male,grilled chicken pizza
Male,grilled chicken submarine
Female,spicy chicken submarine
Male,grilled chicken pizza
Female,spicy chicken submarine
Female,grilled chicken pizza
Female,chilly chicken burger
Male,chilly chicken burger
Male,sausage pizza
Male,grilled chicken submarine
Male,mushroom pizza
Male,chicken noodles
Male,tandoori chicken pizza
Female,beef burger
Male,chilly chicken burger
Male,beef burger
Male,beef submarine
Female,fried noodles
Female,grilled chicken pizza
Male,spicy chicken pizza
Male,spicy chicken submarine
Female,chilly chicken burger
Female,grilled chicken submarine
Female,grilled chicken pizza
Male,spicy chicken burger
Female,grilled chicken pizza
Male,ham burger
Male,fried noodles
Male,beef submarine
Male,spicy chicken pizza
Female,ham burger
Female,mushroom submarine
Male,cheese pizza
Female,spicy chicken submarine
Female,fish submarine
Female,tandoori chicken pizza
Male,spicy chicken submarine
Female,beef submarine
Male,tandoori chicken pizza
Male,beef submarine
Male,grilled chicken pizza
Male,crispy chicken burger
Male,spicy chicken burger
Female,mushroom pizza
Male,chicken noodles
Male,spicy chicken submarine
Female,seafood noodles
Female,chilly chicken burger
Female,crispy chicken burger
Female,grilled chicken pizza
Female,spicy chicken pizza
Female,mushroom pizza
Male,crispy chicken burger
Female,cheese pizza
Male,cheese pizza
Female,cheese pizza
Male,sausage pizza
Male,cheese pizza
Male,tandoori chicken pizza
Female,grilled chicken submarine
Male,ham burger
Male,spicy chicken pizza
Male,beef burger
Male,crispy chicken burger
Female,cheese pizza
Male,spicy chicken submarine
Male,beef burger
Male,mushroom pizza
Female,grilled chicken submarine
Female,grilled chicken pizza
Female,mushroom pizza
Female,seafood noodles
Female,sausage pizza
Male,grilled chicken pizza
Male,spicy chicken pizza
Male,mushroom submarine
Male,cheese pizza
Male,mushroom submarine
Female,beef submarine
Male,mushroom submarine
Female,beef burger
Male,chilly chicken burger
Male,sausage pizza
Female,mushroom submarine
Female,chicken noodles
Female,grilled chicken submarine
Female,mushroom submarine
Female,fish submarine
Male,beef submarine
Male,fried noodles
Female,beef submarine
Male,fried noodles
Female,beef submarine
Male,spicy chicken submarine
Male,seafood pizza
Female,spicy chicken submarine
Female,chicken noodles
Female,chicken noodles
Male,chicken noodles
Male,chicken noodles
Male,sausage pizza
Female,sausage pizza
Male,fish submarine
Male,ham burger
Male,seafood pizza
Female,tandoori chicken pizza
Male,chilly chicken burger
Male,tandoori chicken pizza
Female,chilly chicken burger
Male,grilled chicken submarine
Male,seafood noodles
Female,seafood noodles
Female,grilled chicken pizza
Female,mushroom pizza
Female,crispy chicken burger
Female,chicken noodles
Male,spicy chicken pizza
Female,seafood noodles
Female,spicy chicken pizza
Male,spicy chicken pizza
Female,cheese pizza
Male,grilled chicken pizza
Male,beef burger
Male,tandoori chicken pizza
Male,seafood noodles
Female,cheese pizza
Male,beef submarine
Female,chilly chicken burger
Male,seafood pizza
Female,grilled chicken submarine
Female,mushroom submarine
Male,cheese pizza
Male,cheese pizza
Female,fish submarine
Female,cheese pizza
Male,grilled chicken submarine
Female,fish submarine
Male,seafood noodles
Female,spicy chicken burger
Female,beef burger
Female,beef burger
Female,ham burger
Female,beef burger
Female,mushroom pizza
Female,spicy chicken pizza
Female,beef burger
Male,grilled chicken submarine
Female,ham burger
Male,fish submarine
Male,seafood pizza
Female,cheese pizza
Female,spicy chicken pizza
Male,seafood pizza
Female,grilled chicken pizza
Female,crispy chicken burger
Female,fried noodles
Female,fish submarine
Female,mushroom pizza
Female,fried noodles
Male,mushroom pizza
Male,beef submarine
Male,fish submarine
Male,beef submarine
Male,fried noodles
Male,beef submarine
Female,chicken noodles
Male,grilled chicken submarine
Female,seafood pizza
Male,cheese pizza
Female,crispy chicken burger
Female,fish submarine
Male,mushroom pizza
Male,grilled chicken submarine
Female,cheese pizza
Male,beef burger
Female,spicy chicken pizza
Female,chilly chicken burger
Male,ham burger
Male,fried noodles
Female,sausage pizza
Female,spicy chicken pizza
Male,chicken noodles
Male,grilled chicken pizza
Female,fish submarine
Male,seafood pizza
Male,seafood noodles
Female,beef submarine
Female,mushroom submarine
Male,seafood pizza
Female,seafood noodles
Female,chicken noodles
Female,chicken noodles
Male,ham burger
Female,mushroom submarine
Female,ham burger
Female,spicy chicken submarine
Male,beef burger
Male,spicy chicken pizza
Female,fish submarine
Female,mushroom pizza
Male,spicy chicken burger
Female,crispy chicken burger
Female,chilly chicken burger
Male,mushroom submarine
Male,mushroom submarine
Male,sausage pizza
Female,seafood pizza
Male,mushroom submarine
Male,sausage pizza
Female,chicken noodles
Female,grilled chicken submarine
Female,beef submarine
Female,beef burger
Female,beef submarine
Female,mushroom pizza
Female,mushroom submarine
Female,mushroom pizza
Female,beef submarine
Male,beef submarine
Male,beef burger
Female,chilly chicken burger
Male,crispy chicken burger
Female,grilled chicken submarine
Female,fish submarine
Female,grilled chicken pizza
Male,cheese pizza
Male,ham burger
Female,spicy chicken submarine
Female,fish submarine
Male,spicy chicken submarine
Male,beef burger
Male,seafood pizza
Female,mushroom submarine
Female,grilled chicken submarine
Male,crispy chicken burger
Male,beef burger
Female,beef submarine
Female,fish submarine
Male,sausage pizza
Male,seafood noodles
Male,spicy chicken submarine
Female,tandoori chicken pizza
Male,spicy chicken pizza
Male,seafood noodles
Female,grilled chicken submarine
Female,spicy chicken pizza
Female,fish submarine
Male,chicken noodles
Male,beef burger
Male,mushroom submarine
Female,chilly chicken burger
Female,mushroom pizza
Female,mushroom submarine
Male,ham burger
Female,fish submarine
Female,cheese pizza
Female,beef submarine
Male,grilled chicken pizza
Male,sausage pizza
Female,beef burger
Male,mushroom submarine
Female,tandoori chicken pizza
Female,chicken noodles
Female,grilled chicken submarine
Female,fried noodles
Male,ham burger
Female,beef submarine
Female,mushroom pizza
Male,mushroom submarine
Female,grilled chicken submarine
Female,spicy chicken pizza
Male,grilled chicken submarine
Female,fish submarine
Male,cheese pizza
Male,seafood noodles
Male,ham burger
Male,cheese pizza
Male,spicy chicken burger
Male,spicy chicken burger
Female,cheese pizza
Female,seafood noodles
Male,tandoori chicken pizza
Female,cheese pizza
Female,seafood pizza
Male,spicy chicken burger
Female,ham burger
Female,sausage pizza
Female,spicy chicken submarine
Female,spicy chicken submarine
Male,mushroom submarine
Female,seafood noodles
Male,mushroom submarine
Male,mushroom pizza
Female,beef burger
Male,sausage pizza
Male,tandoori chicken pizza
Male,spicy chicken submarine
Male,fried noodles
Male,spicy chicken submarine
Male,spicy chicken pizza
Male,beef burger
Female,mushroom pizza
Male,grilled chicken submarine
Male,spicy chicken submarine
Female,chilly chicken burger
Female,beef submarine
Male,crispy chicken burger
Female,cheese pizza
Female,sausage pizza
Female,ham burger
Male,spicy chicken submarine
Male,fried noodles
Male,beef submarine
Female,crispy chicken burger
Male,mushroom submarine
Male,crispy chicken burger
Female,fish submarine
Female,spicy chicken submarine
Female,sausage pizza
Female,grilled chicken submarine
Male,beef submarine
Female,fish submarine
Female,grilled chicken pizza
Female,sausage pizza
Male,beef submarine
Male,fish submarine
Female,spicy chicken burger
Female,seafood noodles
Male,tandoori chicken pizza
Female,chilly chicken burger
Male,chicken noodles
Female,beef submarine
Female,sausage pizza
Female,beef burger
Male,beef submarine
Male,fried noodles
Male,cheese pizza
Male,spicy chicken burger
Male,beef submarine
Female,crispy chicken burger
Female,chicken noodles
Female,seafood noodles
Female,seafood noodles
Female,grilled chicken pizza
Male,ham burger
Female,beef submarine
Male,beef burger
Female,beef submarine
Female,mushroom submarine
Male,crispy chicken burger
Male,grilled chicken submarine
Female,grilled chicken submarine
Male,grilled chicken pizza
Male,sausage pizza
Female,chilly chicken burger
Female,sausage pizza
Female,ham burger
Male,tandoori chicken pizza
Female,crispy chicken burger
Male,spicy chicken pizza
Male,spicy chicken burger
Male,seafood pizza
Female,tandoori chicken pizza
Female,grilled chicken submarine
Male,fish submarine
Female,tandoori chicken pizza
Female,grilled chicken submarine
Female,beef submarine
Female,spicy chicken burger
Female,spicy chicken burger
Male,beef submarine
Female,crispy chicken burger
Female,spicy chicken burger
Male,ham burger
Female,fried noodles
Female,mushroom submarine
Male,spicy chicken submarine
Female,grilled chicken pizza
Male,chilly chicken burger
Female,beef submarine
Female,spicy chicken burger
Female,sausage pizza
Female,sausage pizza
Female,beef burger
Female,mushroom pizza
Male,grilled chicken submarine
Female,tandoori chicken pizza
Male,chicken noodles
Male,cheese pizza
Male,spicy chicken submarine
Male,chicken noodles
Female,beef submarine
Female,chicken noodles
Male,mushroom pizza
Male,chicken noodles
Male,cheese pizza
Male,mushroom submarine
Male,spicy chicken pizza
Male,fried noodles
Male,beef submarine
Female,grilled chicken pizza
Male,chicken noodles
Female,ham burger
Female,beef submarine
Male,grilled chicken submarine
Female,spicy chicken submarine
Female,grilled chicken submarine
Male,ham burger
Male,fried noodles
Female,crispy chicken burger
Male,spicy chicken pizza
Female,chicken noodles
Female,beef submarine
Female,fried noodles
Female,seafood noodles
Female,beef submarine
Female,chilly chicken burger
Female,spicy chicken pizza
Male,chilly chicken burger
Female,chilly chicken burger
Female,cheese pizza
Female,mushroom pizza
Male,spicy chicken burger
Male,mushroom submarine
Female,cheese pizza
Male,spicy chicken burger
Female,fish submarine
Female,fried noodles
Female,chicken noodles
Male,cheese pizza
Male,cheese pizza
Male,tandoori chicken pizza
Male,seafood noodles
Female,fish submarine
Female,crispy chicken burger
Male,beef submarine
Male,mushroom pizza
Female,spicy chicken submarine
Female,seafood noodles
Female,tandoori chicken pizza
Female,mushroom submarine
Male,beef burger
Female,beef burger
Female,grilled chicken pizza
Male,spicy chicken pizza
Female,mushroom pizza
Male,cheese pizza
Male,chilly chicken burger
Female,chicken noodles
Female,seafood noodles
Female,mushroom pizza
Female,sausage pizza
Male,spicy chicken pizza
Male,crispy chicken burger
Female,chicken noodles
Female,chilly chicken burger
Female,spicy chicken submarine
Male,spicy chicken submarine
Male,spicy chicken burger
Male,spicy chicken burger
Male,crispy chicken burger
Female,fish submarine
Male,beef burger
Male,grilled chicken submarine
Female,crispy chicken burger
Female,beef burger
Male,tandoori chicken pizza
Male,beef submarine
Female,chicken noodles
Female,chilly chicken burger
Female,seafood noodles
Female,fried noodles
Male,fried noodles
Male,grilled chicken pizza
Female,fried noodles
Male,seafood noodles
Male,beef submarine
Male,mushroom pizza
Male,chicken noodles
Male,grilled chicken submarine
Female,fried noodles
Female,seafood noodles
Male,chilly chicken burger
Male,chilly chicken burger
Male,grilled chicken pizza
Female,beef submarine
Female,mushroom pizza
Female,seafood noodles
Male,grilled chicken submarine
Male,beef burger
Male,spicy chicken burger
Female,fried noodles
Male,grilled chicken submarine
Female,cheese pizza
Female,seafood pizza
Female,ham burger
Female,grilled chicken submarine
Male,crispy chicken burger
Female,chilly chicken burger
Female,spicy chicken burger
Male,chicken noodles
Female,chilly chicken burger
Male,spicy chicken burger
Male,cheese pizza
Female,seafood pizza
Male,ham burger
Male,spicy chicken submarine
Female,fried noodles
Female,fried noodles
Female,tandoori chicken pizza
Female,chilly chicken burger
Female,crispy chicken burger
Male,spicy chicken burger
Male,grilled chicken pizza
Male,spicy chicken submarine
Female,chicken noodles
Female,mushroom submarine
Female,beef submarine
Male,beef burger
Female,tandoori chicken pizza
Male,ham burger
Male,seafood pizza
Male,spicy chicken burger
Female,beef burger
Male,spicy chicken submarine
Female,beef submarine
Female,ham burger
Male,crispy chicken burger
Female,crispy chicken burger
Female,spicy chicken burger
Female,grilled chicken pizza
Female,mushroom submarine
Male,fried noodles
Male,mushroom pizza
Male,beef submarine
Female,cheese pizza
Female,spicy chicken burger
Female,ham burger
Male,grilled chicken pizza
Female,crispy chicken burger
Female,mushroom submarine
Female,grilled chicken pizza
Female,mushroom submarine
Male,grilled chicken submarine
Female,tandoori chicken pizza
Female,beef submarine
Male,tandoori chicken pizza
Male,sausage pizza
Male,chilly chicken burger
Female,seafood noodles
Female,fried noodles
Male,mushroom submarine
Male,fish submarine
Female,beef burger
Female,crispy chicken burger
Female,ham burger
Male,sausage pizza
Male,spicy chicken submarine
Male,mushroom submarine
Male,spicy chicken pizza
Female,mushroom submarine
Female,chicken noodles
Female,tandoori chicken pizza
Male,ham burger
Male,seafood pizza
Female,chicken noodles
Female,fried noodles
Male,beef submarine
Male,chilly chicken burger
Male,beef burger
Male,ham burger
Male,fish submarine
Male,spicy chicken burger
Male,spicy chicken burger
Male,chilly chicken burger
Female,chicken noodles
Male,tandoori chicken pizza
Female,spicy chicken burger
Male,spicy chicken pizza
Male,fish submarine
Male,grilled chicken submarine
Male,seafood pizza
Female,chilly chicken burger
Female,mushroom submarine
Male,mushroom pizza
Female,spicy chicken pizza
Female,spicy chicken submarine
Male,chilly chicken burger
Male,mushroom pizza
Female,sausage pizza
Male,sausage pizza
Male,ham burger
Female,ham burger
Male,ham burger
Female,grilled chicken submarine
Female,spicy chicken pizza
Female,sausage pizza
Female,grilled chicken submarine
Male,crispy chicken burger
Male,chilly chicken burger
Female,grilled chicken submarine
Male,seafood pizza
Female,beef submarine
Female,grilled chicken submarine
Female,mushroom submarine
Female,fish submarine
Female,ham burger
Male,cheese pizza
Female,beef burger
Female,cheese pizza
Female,spicy chicken burger
Female,grilled chicken pizza
Male,fried noodles
Female,seafood noodles
Male,sausage pizza
Male,grilled chicken submarine
Male,spicy chicken burger
Male,seafood noodles
Female,beef burger
Female,ham burger
Female,cheese pizza
Female,chicken noodles
Female,chicken noodles
Male,chilly chicken burger
Female,tandoori chicken pizza
Female,grilled chicken submarine
Female,cheese pizza
Male,crispy chicken burger
Male,spicy chicken burger
Female,fish submarine
Female,spicy chicken burger
Female,beef submarine
Female,grilled chicken submarine
Male,crispy chicken burger
Male,ham burger
Female,grilled chicken submarine
Male,seafood pizza
Female,spicy chicken pizza
Female,chicken noodles
Female,cheese pizza
Male,fried noodles
Female,grilled chicken submarine
Male,beef submarine
Female,mushroom pizza
Female,seafood pizza
Male,tandoori chicken pizza
Female,fish submarine
Male,beef submarine
Male,seafood pizza
Female,fried noodles
Male,chicken noodles
Female,crispy chicken burger
Female,cheese pizza
Male,fried noodles
Female,beef burger
Male,ham burger
Male,spicy chicken pizza
Male,grilled chicken pizza
Female,mushroom pizza
Male,grilled chicken pizza
Male,grilled chicken submarine
Male,grilled chicken submarine
Male,spicy chicken burger
Female,crispy chicken burger
Female,ham burger
Male,cheese pizza
Male,spicy chicken submarine
Female,chicken noodles
Male,seafood pizza
Female,chilly chicken burger
Male,tandoori chicken pizza
Female,seafood pizza
Male,ham burger
Female,fried noodles
Male,beef submarine
Female,mushroom pizza
Male,spicy chicken pizza
Female,grilled chicken pizza
Male,tandoori chicken pizza
Male,fried noodles
Male,ham burger
Male,spicy chicken burger
Female,spicy chicken submarine
Female,spicy chicken submarine
Male,cheese pizza
Female,tandoori chicken pizza
Female,ham burger
Female,seafood noodles
Male,fried noodles
Male,chicken noodles
Male,tandoori chicken pizza
Female,ham burger
Female,chicken noodles
Male,spicy chicken submarine
Female,spicy chicken submarine
Male,tandoori chicken pizza
Female,spicy chicken submarine
Female,crispy chicken burger
Female,fried noodles
Female,beef burger
Female,fish submarine
Female,spicy chicken submarine
Female,grilled chicken submarine
Female,cheese pizza
Female,grilled chicken submarine
Male,grilled chicken pizza
Male,grilled chicken submarine
Male,seafood pizza
Female,spicy chicken submarine
Male,crispy chicken burger
Male,mushroom pizza
Male,tandoori chicken pizza
Male,spicy chicken pizza
Male,spicy chicken submarine
Female,beef burger
Female,tandoori chicken pizza
Male,beef submarine
Male,spicy chicken submarine
Male,grilled chicken submarine
Female,grilled chicken pizza
Male,chilly chicken burger
Female,chilly chicken burger
Female,crispy chicken burger
Male,seafood pizza
Female,sausage pizza
Female,seafood pizza
Male,fried noodles
Female,mushroom submarine
Male,seafood pizza
Male,grilled chicken submarine
Male,sausage pizza
Female,seafood pizza
Female,fish submarine
Female,seafood pizza
Male,mushroom submarine
Male,fish submarine
Female,cheese pizza
Female,beef burger
Female,ham burger
Female,seafood pizza
Male,beef submarine
Male,mushroom submarine
Female,spicy chicken pizza
Male,seafood pizza
Male,grilled chicken pizza
Female,mushroom pizza
Female,beef burger
Female,spicy chicken burger
Male,sausage pizza
Female,fish submarine
Male,spicy chicken pizza
Male,crispy chicken burger
Male,chilly chicken burger
Female,mushroom pizza
Female,cheese pizza
Male,fried noodles
Female,beef burger
Male,spicy chicken submarine
Male,fish submarine
Female,spicy chicken burger
Female,chicken noodles
Male,spicy chicken burger
Female,spicy chicken submarine
Female,crispy chicken burger
Female,fish submarine
Male,spicy chicken submarine
Male,grilled chicken pizza
Male,beef burger
Male,spicy chicken burger
Female,crispy chicken burger
Male,ham burger
Male,mushroom pizza
Male,sausage pizza
Female,grilled chicken submarine
Female,seafood pizza
Female,cheese pizza
Male,mushroom pizza
Male,fried noodles
Female,spicy chicken burger
Male,spicy chicken burger
Female,fish submarine
Female,chilly chicken burger
Female,grilled chicken submarine
Female,fried noodles
Male,spicy chicken submarine
Female,spicy chicken pizza
Female,ham burger
Female,chicken noodles
Female,fried noodles
Male,spicy chicken pizza
Male,crispy chicken burger
Female,spicy chicken pizza
Female,ham burger
Female,ham burger
Female,beef submarine
Male,chicken noodles
Male,crispy chicken burger
Male,spicy chicken submarine
Male,tandoori chicken pizza
Female,grilled chicken pizza
Female,seafood noodles
Female,grilled chicken pizza
Male,crispy chicken burger
Female,grilled chicken submarine
Female,mushroom pizza
Female,tandoori chicken pizza
Female,spicy chicken pizza
Female,grilled chicken pizza
Male,fish submarine
Female,spicy chicken burger
Male,sausage pizza
Female,fried noodles
Male,mushroom pizza
Female,grilled chicken submarine
Female,crispy chicken burger
Male,beef burger
Male,spicy chicken pizza
Female,chilly chicken burger
Male,mushroom submarine
Female,grilled chicken submarine
Female,fish submarine
Male,mushroom submarine
Female,beef burger
Male,crispy chicken burger
Male,chicken noodles
Female,sausage pizza
Male,seafood noodles
Female,mushroom pizza
Male,fried noodles
Female,mushroom submarine
Male,crispy chicken burger
Male,chicken noodles
Male,ham burger
Female,cheese pizza
Male,beef submarine
Female,sausage pizza
Female,spicy chicken burger
Female,tandoori chicken pizza
Female,mushroom submarine
Male,chicken noodles
Male,cheese pizza
Male,spicy chicken submarine
Female,spicy chicken submarine
Male,chicken noodles
Male,fish submarine
Male,seafood pizza
Female,chicken noodles
Female,fried noodles
Male,beef burger
Female,mushroom submarine
Female,grilled chicken pizza
Female,fried noodles
Male,mushroom pizza
Male,crispy chicken burger
Male,spicy chicken burger
Female,crispy chicken burger
Male,beef submarine
Female,fish submarine
Female,sausage pizza
Female,grilled chicken pizza
Female,tandoori chicken pizza
Female,seafood pizza
Male,fish submarine
Male,beef burger
Female,ham burger
Female,grilled chicken pizza
Female,spicy chicken submarine
Male,beef submarine
Female,cheese pizza
Male,sausage pizza
Male,seafood pizza
Female,cheese pizza
Female,cheese pizza
Male,spicy chicken pizza
Male,fried noodles
Male,chicken noodles
Male,ham burger
Male,fried noodles
Male,spicy chicken burger
Female,ham burger
Male,spicy chicken burger
Female,mushroom pizza
Female,cheese pizza
Female,seafood noodles
Male,seafood pizza
Female,seafood pizza
Female,spicy chicken pizza
Female,mushroom submarine
Female,chicken noodles
Male,grilled chicken submarine
Female,ham burger
Female,beef burger
Male,ham burger
Male,beef burger
Male,fish submarine
Female,spicy chicken burger
Female,seafood noodles
Female,spicy chicken submarine
Female,cheese pizza
Female,seafood noodles
Female,tandoori chicken pizza
Female,fish submarine
Female,seafood pizza
Female,spicy chicken burger
Male,sausage pizza
Male,ham burger
Female,grilled chicken submarine
Male,spicy chicken pizza
Male,grilled chicken pizza
Female,tandoori chicken pizza
Male,grilled chicken submarine
Male,grilled chicken submarine
Female,grilled chicken submarine
Male,fish submarine
Female,chilly chicken burger
Female,beef submarine
Female,grilled chicken submarine
Male,crispy chicken burger
Male,sausage pizza
Male,grilled chicken pizza
Female,mushroom submarine
Male,beef submarine
Female,spicy chicken burger
Female,sausage pizza
Female,ham burger
Male,fried noodles
Female,chilly chicken burger
Female,seafood pizza
Female,beef submarine
Female,chilly chicken burger
Female,mushroom pizza
Male,chicken noodles
Female,grilled chicken submarine
Male,seafood pizza
Female,spicy chicken pizza
Female,tandoori chicken pizza
Female,chicken noodles
Male,sausage pizza
Male,mushroom submarine
Female,sausage pizza
Male,sausage pizza
Male,mushroom pizza
Male,fried noodles
Male,fried noodles
Female,crispy chicken burger
Male,spicy chicken submarine
Male,cheese pizza
Female,seafood noodles
Male,grilled chicken submarine
Female,spicy chicken submarine
Male,spicy chicken burger
Female,mushroom submarine
Female,tandoori chicken pizza
Male,crispy chicken burger
Female,fried noodles
Male,seafood pizza
Male,mushroom pizza
Male,chicken noodles
Female,seafood pizza
Female,fried noodles
Male,beef burger
Female,spicy chicken burger
Male,chilly chicken burger
Female,chilly chicken burger
Female,spicy chicken submarine
Male,spicy chicken pizza
Male,chilly chicken burger
Female,spicy chicken submarine
Male,sausage pizza
Male,fish submarine
Female,grilled chicken submarine
Male,cheese pizza
Male,beef burger
Female,fried noodles
Female,sausage pizza
Female,spicy chicken submarine
Female,spicy chicken submarine
Female,beef submarine
Male,fish submarine
Male,chilly chicken burger
Female,beef burger
Male,fish submarine
Male,mushroom submarine
Female,mushroom submarine
Male,fried noodles
Female,beef submarine
Male,tandoori chicken pizza
Female,beef burger
Male,seafood pizza
Male,beef burger
Male,mushroom pizza
Female,sausage pizza
Female,chilly chicken burger
Female,seafood pizza
Female,spicy chicken submarine
Male,crispy chicken burger
Male,spicy chicken burger
Male,fried noodles
Male,fried noodles
Female,beef burger
Male,cheese pizza
Female,spicy chicken submarine
Female,fried noodles
Female,ham burger
Female,mushroom submarine
Male,fried noodles
Female,beef submarine
Male,grilled chicken pizza
Male,ham burger
Female,spicy chicken pizza
Female,ham burger
Female,ham burger
Female,tandoori chicken pizza
Male,ham burger
Male,spicy chicken submarine
Male,mushroom submarine
Male,spicy chicken submarine
Female,fish submarine
Female,spicy chicken submarine
Female,cheese pizza
Male,seafood pizza
Male,chilly chicken burger
Female,cheese pizza
Female,cheese pizza
Male,fish submarine
Female,spicy chicken pizza
Male,seafood pizza
Female,ham burger
Female,grilled chicken submarine
Female,spicy chicken pizza
Male,tandoori chicken pizza
Male,grilled chicken submarine
Female,tandoori chicken pizza
Female,tandoori chicken pizza
Female,grilled chicken submarine
Female,ham burger
Male,fried noodles
Male,tandoori chicken pizza
Male,cheese pizza
Female,fried noodles
Female,fish submarine
Male,seafood noodles
Female,fried noodles
Male,chilly chicken burger
Female,spicy chicken pizza
Male,cheese pizza
Male,seafood noodles
Female,fried noodles
Female,crispy chicken burger
Female,ham burger
Male,chicken noodles
Male,sausage pizza
Female,spicy chicken pizza
Female,chilly chicken burger
Male,spicy chicken submarine
Female,beef burger
Male,beef burger
Female,chilly chicken burger
Female,grilled chicken submarine
Male,chilly chicken burger
Female,spicy chicken burger
Male,grilled chicken pizza
Male,seafood noodles
Female,beef submarine
Male,seafood pizza
Female,crispy chicken burger
Female,spicy chicken pizza
Female,chicken noodles
Male,fish submarine
Female,fried noodles
Female,cheese pizza
Female,seafood noodles
Female,mushroom submarine
Female,mushroom submarine
Female,fish submarine
Male,beef burger
Female,ham burger
Female,fried noodles
Female,ham burger
Female,mushroom submarine
Female,mushroom submarine
Male,seafood noodles
Female,seafood pizza
Male,cheese pizza
Male,grilled chicken submarine
Male,crispy chicken burger
Female,grilled chicken pizza
Female,seafood pizza
Male,beef submarine
Female,sausage pizza
Male,spicy chicken submarine
Male,fish submarine
Male,mushroom pizza
Female,fish submarine
Male,spicy chicken burger
Female,spicy chicken pizza
Female,crispy chicken burger
Male,spicy chicken burger
Male,fried noodles
Male,sausage pizza
Female,tandoori chicken pizza
Female,chilly chicken burger
Female,crispy chicken burger
Male,tandoori chicken pizza
Female,grilled chicken pizza
Male,seafood pizza
Female,seafood pizza
Male,ham burger
Male,grilled chicken submarine
Male,ham burger
Male,ham burger
Male,fish submarine
Female,beef burger
Male,spicy chicken burger
Male,ham burger
Female,spicy chicken pizza
Female,fish submarine
Female,fish submarine
Female,ham burger
Male,cheese pizza
Female,beef submarine
Male,chicken noodles
Female,chicken noodles
Female,fish submarine
Female,fish submarine
Male,fish submarine
Female,cheese pizza
Male,beef submarine
Male,beef submarine
Female,spicy chicken pizza
Female,spicy chicken pizza
Female,chicken noodles
Female,crispy chicken burger
Female,sausage pizza
Female,spicy chicken pizza
Female,mushroom pizza
Male,spicy chicken submarine
Male,chicken noodles
Female,grilled chicken submarine
Female,grilled chicken pizza
Male,chicken noodles
Female,fish submarine
Male,fried noodles
Male,seafood noodles
Male,beef burger
Male,grilled chicken pizza
Male,sausage pizza
Male,spicy chicken pizza
Female,fish submarine
Female,seafood noodles
Male,beef burger
Female,crispy chicken burger
Male,chilly chicken burger
Male,ham burger
Male,tandoori chicken pizza
Male,grilled chicken submarine
Male,fish submarine
Male,grilled chicken pizza
Male,cheese pizza
Male,mushroom submarine
Female,mushroom submarine
Female,spicy chicken submarine
Female,chilly chicken burger
Female,fried noodles
Female,fried noodles
Male,fish submarine
Female,cheese pizza
Female,fried noodles
Male,seafood noodles
Female,spicy chicken submarine
Female,grilled chicken pizza
Male,spicy chicken submarine
Female,spicy chicken submarine
Male,fried noodles
Male,crispy chicken burger
Male,beef submarine
Male,fried noodles
Male,chilly chicken burger
Male,ham burger
Male,spicy chicken submarine
Female,ham burger
Female,grilled chicken submarine
Female,chicken noodles
Male,ham burger
Female,mushroom pizza
Male,chicken noodles
Female,ham burger
Male,mushroom pizza
Female,spicy chicken pizza
Male,chilly chicken burger
Female,crispy chicken burger
Male,seafood pizza
Female,sausage pizza
Female,cheese pizza
Female,tandoori chicken pizza
Male,spicy chicken burger
Female,spicy chicken pizza
Female,fried noodles
Male,mushroom pizza
Male,cheese pizza
Male,beef submarine
Male,seafood pizza
Female,seafood noodles
Male,grilled chicken pizza
Male,ham burger
Male,chicken noodles
Female,seafood pizza
Male,grilled chicken pizza
Female,beef burger
Male,tandoori chicken pizza
Female,spicy chicken pizza
Male,beef burger
Female,grilled chicken submarine
Male,spicy chicken pizza
Female,seafood noodles
Male,beef burger
Female,spicy chicken pizza
Female,grilled chicken submarine
Male,mushroom submarine
Female,seafood pizza
Male,fish submarine
Male,cheese pizza
Male,spicy chicken pizza
Male,chicken noodles
Male,chicken noodles
Female,spicy chicken submarine
Female,beef burger
Male,seafood pizza
Male,chilly chicken burger
Female,cheese pizza
Female,beef burger
Female,beef submarine
Female,beef submarine
Male,spicy chicken pizza
Male,grilled chicken submarine
Female,beef burger
Female,fish submarine
Female,seafood pizza
Male,seafood noodles
Male,seafood noodles
Male,fried noodles
Male,beef burger
Female,sausage pizza
Male,beef burger
Male,ham burger
Male,chicken noodles
Male,spicy chicken pizza
Male,chicken noodles
Male,mushroom pizza
Male,chilly chicken burger
Female,mushroom submarine
Female,spicy chicken burger
Male,beef submarine
Male,chicken noodles
Female,spicy chicken pizza
Female,fried noodles
Male,sausage pizza
Male,grilled chicken submarine
Male,beef burger
Male,fish submarine
Female,chicken noodles
Male,tandoori chicken pizza
Male,spicy chicken pizza
Female,crispy chicken burger
Female,chicken noodles
Female,fish submarine
Female,chilly chicken burger
Male,spicy chicken burger
Male,chilly chicken burger
Male,crispy chicken burger
Male,sausage pizza
Female,beef submarine
Female,crispy chicken burger
Male,chilly chicken burger
Female,chicken noodles
Female,beef submarine
Male,ham burger
Male,chicken noodles
Female,chilly chicken burger
Male,grilled chicken pizza
Female,grilled chicken submarine
Female,chicken noodles
Female,fish submarine
Male,beef burger
Female,grilled chicken submarine
Female,crispy chicken burger
Male,tandoori chicken pizza
Male,sausage pizza
Female,beef burger
Female,spicy chicken pizza
Female,crispy chicken burger
Female,spicy chicken burger
Male,fried noodles
Male,cheese pizza
Female,mushroom submarine
Female,mushroom submarine
Female,chilly chicken burger
Female,spicy chicken burger
Female,chicken noodles
Male,seafood pizza
Male,sausage pizza
Male,fish submarine
Female,grilled chicken submarine
Female,ham burger
Female,grilled chicken pizza
Male,grilled chicken pizza
Female,mushroom submarine
Female,grilled chicken pizza
Male,grilled chicken submarine
Female,grilled chicken pizza
Female,chicken noodles
Female,mushroom pizza
Female,spicy chicken submarine
Male,tandoori chicken pizza
Female,spicy chicken pizza
Male,mushroom submarine
Female,grilled chicken pizza
Male,tandoori chicken pizza
Male,tandoori chicken pizza
Female,ham burger
Male,cheese pizza
Male,spicy chicken pizza
Male,sausage pizza
Male,cheese pizza
Female,spicy chicken pizza
Male,chilly chicken burger
Female,cheese pizza
Male,fish submarine
Female,mushroom submarine
Male,mushroom submarine
Female,chicken noodles
Male,seafood pizza
Female,seafood pizza
Male,ham burger
Male,cheese pizza
Male,tandoori chicken pizza
Female,grilled chicken pizza
Female,seafood pizza
Male,mushroom pizza
Male,cheese pizza
Female,sausage pizza
Female,crispy chicken burger
Male,grilled chicken pizza
Male,spicy chicken pizza
Male,ham burger
Male,chicken noodles
Male,spicy chicken pizza
Male,mushroom pizza
Male,chilly chicken burger
Female,tandoori chicken pizza
Male,tandoori chicken pizza
Female,crispy chicken burger
Male,ham burger
Male,fish submarine
Female,chilly chicken burger
Female,mushroom submarine
Female,cheese pizza
Female,chicken noodles
Female,mushroom submarine
Male,cheese pizza
Female,crispy chicken burger
Male,fried noodles
Female,sausage pizza
Female,fish submarine
Female,spicy chicken burger
Female,tandoori chicken pizza
Male,fried noodles
Female,sausage pizza
Female,beef submarine
Male,cheese pizza
Female,spicy chicken burger
Male,chicken noodles
Female,ham burger
Female,spicy chicken submarine
Male,spicy chicken submarine
Male,cheese pizza
Male,fish submarine
Female,mushroom submarine
Male,seafood noodles
Female,seafood pizza
Male,ham burger
Male,fish submarine
Male,fish submarine
Female,chilly chicken burger
Female,grilled chicken submarine
Female,seafood noodles
Male,sausage pizza
Female,crispy chicken burger
Female,spicy chicken burger
Female,spicy chicken submarine
Male,spicy chicken pizza
Female,spicy chicken pizza
Female,chilly chicken burger
Male,sausage pizza
Male,chicken noodles
Male,spicy chicken pizza
Female,beef submarine
Female,fish submarine
Male,spicy chicken pizza
Female,chicken noodles
Male,spicy chicken burger
Female,spicy chicken burger
Male,mushroom submarine
Female,chilly chicken burger
Male,seafood pizza
Male,seafood noodles
Female,beef burger
Female,seafood pizza
Female,fish submarine
Male,seafood noodles
Male,grilled chicken submarine
Male,fish submarine
Male,spicy chicken submarine
Female,spicy chicken burger
Male,seafood pizza
Male,spicy chicken burger
Male,chicken noodles
Female,mushroom submarine
Male,spicy chicken pizza
Male,beef burger
Male,ham burger
Female,beef submarine
Male,seafood noodles
Male,chicken noodles
Male,tandoori chicken pizza
Female,fried noodles
Male,beef submarine
Female,chilly chicken burger
Male,fish submarine
Female,spicy chicken burger
Male,chicken noodles
Female,fish submarine
Female,tandoori chicken pizza
Male,fried noodles
Male,mushroom pizza
Male,seafood noodles
Male,chicken noodles
Female,crispy chicken burger
Male,chicken noodles
Female,spicy chicken pizza
Male,beef submarine
Female,sausage pizza
Male,grilled chicken pizza
Male,beef burger
Female,spicy chicken submarine
Female,ham burger
Female,beef submarine
Female,chilly chicken burger
Male,sausage pizza
Female,chilly chicken burger
Female,mushroom submarine
Female,seafood noodles
Female,beef submarine
Female,spicy chicken submarine
Female,spicy chicken submarine
Female,beef burger
Female,tandoori chicken pizza
Male,beef submarine
Male,spicy chicken submarine
Female,seafood noodles
Female,seafood pizza
Male,grilled chicken submarine
Female,beef burger
Female,spicy chicken submarine
Male,chicken noodles
Male,beef burger
Male,grilled chicken pizza
Male,spicy chicken pizza
Female,spicy chicken submarine
Female,grilled chicken submarine
Female,chicken noodles
Female,cheese pizza
Female,tandoori chicken pizza
Female,seafood pizza
Male,fish submarine
Female,sausage pizza
Male,fish submarine
Male,crispy chicken burger
Female,sausage pizza
Male,ham burger
Female,tandoori chicken pizza
Male,spicy chicken burger
Female,fried noodles
Male,fried noodles
Female,crispy chicken burger
Female,chicken noodles
Male,spicy chicken pizza
Female,spicy chicken burger
Male,crispy chicken burger
Male,mushroom submarine
Female,chilly chicken burger
Female,grilled chicken pizza
Male,crispy chicken burger
Female,fried noodles
Female,cheese pizza
Male,grilled chicken pizza
Male,spicy chicken pizza
Male,seafood pizza
Male,sausage pizza
Male,crispy chicken burger
Male,tandoori chicken pizza
Female,chicken noodles
Female,mushroom submarine
Female,mushroom pizza
Male,mushroom submarine
Male,chicken noodles
Male,chilly chicken burger
Female,seafood noodles
Male,ham burger
Male,ham burger
Male,sausage pizza
Male,spicy chicken burger
Male,fried noodles
Male,fish submarine
Female,spicy chicken pizza
Female,mushroom submarine
Male,fried noodles
Female,mushroom submarine
Female,spicy chicken pizza
Female,mushroom pizza
Male,seafood pizza
Male,grilled chicken pizza
Male,chicken noodles
Female,spicy chicken pizza
Female,mushroom pizza
Female,chilly chicken burger
Female,mushroom submarine
Male,spicy chicken submarine
Male,tandoori chicken pizza
Female,tandoori chicken pizza
Female,fish submarine
Female,ham burger
Female,spicy chicken pizza
Male,fried noodles
Female,spicy chicken pizza
Female,seafood noodles
Male,cheese pizza
Male,beef burger
Female,ham burger
Female,mushroom pizza
Male,chicken noodles
Female,tandoori chicken pizza
Male,fried noodles
Male,beef burger
Female,beef submarine
Female,crispy chicken burger
Male,cheese pizza
Female,grilled chicken submarine
Female,spicy chicken pizza
Male,sausage pizza
Female,fried noodles
Male,beef submarine
Female,fish submarine
Male,seafood pizza
Male,cheese pizza
Female,mushroom submarine
Male,spicy chicken pizza
Male,seafood pizza
Male,spicy chicken burger
Male,chicken noodles
Female,spicy chicken pizza
Female,spicy chicken pizza
Female,chicken noodles
Female,grilled chicken submarine
Female,grilled chicken pizza
Female,spicy chicken submarine
Female,fried noodles
Male,spicy chicken submarine
Female,grilled chicken submarine
Male,mushroom pizza
Female,cheese pizza
Male,cheese pizza
Male,tandoori chicken pizza
Male,chilly chicken burger
Female,sausage pizza
Female,chilly chicken burger
Male,sausage pizza
Female,grilled chicken pizza
Female,spicy chicken submarine
Male,cheese pizza
Male,chilly chicken burger
Female,beef submarine
Male,fried noodles
Female,chilly chicken burger
Male,chicken noodles
Female,cheese pizza
Male,grilled chicken pizza
Female,chicken noodles
Male,chilly chicken burger
Male,spicy chicken submarine
Male,beef burger
Male,ham burger
Female,spicy chicken pizza
Male,spicy chicken submarine
Female,chilly chicken burger
Male,cheese pizza
Female,mushroom submarine
Female,spicy chicken submarine
Female,spicy chicken pizza
Female,grilled chicken pizza
Male,sausage pizza
Male,fried noodles
Female,spicy chicken pizza
Female,crispy chicken burger
Female,grilled chicken submarine
Female,spicy chicken pizza
Male,fish submarine
Female,grilled chicken pizza
Male,fried noodles
Male,cheese pizza
Female,chicken noodles
Male,beef burger
Male,chicken noodles
Female,beef submarine
Female,mushroom pizza
Male,grilled chicken submarine
Male,sausage pizza
Male,beef submarine
Female,mushroom submarine
Male,tandoori chicken pizza
Male,mushroom pizza
Male,grilled chicken pizza
Female,spicy chicken submarine
Female,mushroom pizza
Male,fried noodles
Male,fish submarine
Male,seafood pizza
Male,sausage pizza
Male,tandoori chicken pizza
Male,seafood pizza
Female,beef burger
Female,fish submarine
Female,beef burger
Female,spicy chicken submarine
Female,grilled chicken submarine
Female,mushroom pizza
Male,sausage pizza
Female,chicken noodles
Female,crispy chicken burger
Male,tandoori chicken pizza
Male,seafood pizza
Female,fried noodles
Female,spicy chicken burger
Male,chicken noodles
Female,seafood pizza
Female,spicy chicken burger
Male,spicy chicken pizza
Male,spicy chicken burger
Male,beef submarine
Male,beef submarine
Female,chicken noodles
Female,spicy chicken burger
Male,mushroom pizza
Male,crispy chicken burger
Male,mushroom pizza
Female,fried noodles
Female,fried noodles
Male,spicy chicken burger
Female,mushroom pizza
Female,mushroom pizza
Female,seafood noodles
Female,spicy chicken submarine
Female,fish submarine
Male,mushroom submarine
Male,crispy chicken burger
Male,chicken noodles
Male,mushroom submarine
Female,sausage pizza
Female,spicy chicken submarine
Female,spicy chicken pizza
Male,seafood noodles
Female,crispy chicken burger
Female,mushroom submarine
Female,spicy chicken pizza
Male,spicy chicken pizza
Male,seafood pizza
Female,sausage pizza
Female,ham burger
Male,mushroom submarine
Male,ham burger
Female,spicy chicken burger
Female,fried noodles
Male,fish submarine
Female,beef submarine
Female,chicken noodles
Male,mushroom submarine
Female,spicy chicken pizza
Male,grilled chicken submarine
Female,fried noodles
Female,mushroom submarine
Female,tandoori chicken pizza
Female,fried noodles
Female,beef submarine
Male,tandoori chicken pizza
Female,chicken noodles
Female,seafood pizza
Female,spicy chicken pizza
Female,mushroom pizza
Female,spicy chicken pizza
Female,fried noodles
Male,spicy chicken burger
Female,ham burger
Male,cheese pizza
Female,tandoori chicken pizza
Female,mushroom submarine
Male,tandoori chicken pizza
Female,spicy chicken submarine
Male,beef burger
Male,beef burger
Female,grilled chicken pizza
Male,mushroom pizza
Male,ham burger
Male,spicy chicken submarine
Female,seafood pizza
Female,cheese pizza
Female,beef submarine
Male,beef burger
Male,mushroom submarine
Male,fish submarine
Male,mushroom pizza
Male,fish submarine
Female,ham burger
Female,ham burger
Male,crispy chicken burger
Female,grilled chicken pizza
Female,spicy chicken submarine
Female,chilly chicken burger
Female,chicken noodles
Female,beef submarine
Male,cheese pizza
Male,seafood noodles
Male,fish submarine
Female,beef submarine
Female,ham burger
Male,beef burger
Male,cheese pizza
Female,grilled chicken pizza
Male,beef submarine
Male,cheese pizza
Male,chicken noodles
Male,tandoori chicken pizza
Male,chilly chicken burger
Female,spicy chicken submarine
Male,grilled chicken submarine
Female,spicy chicken burger
Male,chilly chicken burger
Female,grilled chicken pizza
Female,tandoori chicken pizza
Female,chilly chicken burger
Male,crispy chicken burger
Female,seafood pizza
Male,mushroom submarine
Male,cheese pizza
Male,seafood pizza
Female,sausage pizza
Female,seafood pizza
Female,chicken noodles
Male,beef submarine
Male,beef burger
Female,mushroom pizza
Female,fish submarine
Male,beef burger
Female,tandoori chicken pizza
Male,grilled chicken pizza
Female,beef submarine
Male,crispy chicken burger
Female,fried noodles
Male,crispy chicken burger
Female,chicken noodles
Male,ham burger
Female,crispy chicken burger
Female,chilly chicken burger
Male,beef submarine
Male,cheese pizza
Female,beef submarine
Male,mushroom submarine
Female,spicy chicken submarine
Male,chicken noodles
Female,ham burger
Female,beef burger
Female,chilly chicken burger
Male,ham burger
Male,spicy chicken submarine
Male,spicy chicken submarine
Male,grilled chicken submarine
Female,sausage pizza
Male,sausage pizza
Female,spicy chicken submarine
Male,spicy chicken pizza
Female,grilled chicken submarine
Female,spicy chicken pizza
Female,sausage pizza
Female,grilled chicken pizza
Male,crispy chicken burger
Female,fried noodles
Male,fish submarine
Female,beef submarine
Female,beef burger
Male,mushroom submarine
Female,grilled chicken submarine
Male,ham burger
Female,chicken noodles
Female,grilled chicken submarine
Male,seafood noodles
Female,spicy chicken burger
Female,crispy chicken burger
Male,seafood pizza
Female,grilled chicken pizza
Male,fried noodles
Male,sausage pizza
Male,mushroom submarine
Female,mushroom pizza
Male,fish submarine
Female,spicy chicken submarine
Female,spicy chicken burger
Male,sausage pizza
Male,tandoori chicken pizza
Female,grilled chicken pizza
Male,grilled chicken submarine
Male,spicy chicken submarine
Female,grilled chicken pizza
Male,spicy chicken submarine
Male,ham burger
Male,fried noodles
Male,beef burger
Male,beef burger
Male,mushroom submarine
Male,cheese pizza
Male,sausage pizza
Male,seafood pizza
Male,grilled chicken submarine
Female,beef submarine
Male,fried noodles
Female,mushroom submarine
Male,mushroom pizza
Female,chicken noodles
Male,beef submarine
Male,mushroom pizza
Male,chicken noodles
Female,spicy chicken burger
Male,sausage pizza
Female,grilled chicken submarine
Female,chilly chicken burger
Male,beef burger
Male,mushroom submarine
Male,beef burger
Male,spicy chicken submarine
Male,sausage pizza
Male,sausage pizza
Male,seafood pizza
Female,mushroom pizza
Male,crispy chicken burger
Female,beef submarine
Male,grilled chicken pizza
Female,seafood pizza
Female,seafood noodles
Male,fish submarine
Male,tandoori chicken pizza
Female,crispy chicken burger
Male,ham burger
Female,spicy chicken pizza
Male,spicy chicken burger
Female,chilly chicken burger
